PERMIT_NO,LEASE_NAME,OPERATOR_NAME,lat,lon,SPUD_DATE,ndvi_change_mean,ndvi_change_min,brightness_change_mean,brightness_change_max,combined_score_mean,combined_score_max,disturbed_pixel_count,bright_pixel_count,activity_class,confidence
900001,GUADALUPE PASS 16-15,DIAMONDBACK ENERGY,31.402308,-103.675998,20251203,-0.07566767930984497,-0.6485546827316284,0.05057086423039436,0.24983511865139008,0.06562896072864532,0.442284494638443,524,597,COMPLETION_RIG,HIGH
900002,BELL CANYON 02-36,DIAMONDBACK ENERGY,31.314991,-103.642774,20260209,-0.101339191198349,-0.49634259939193726,0.07189348340034485,0.24379269778728485,0.08956091105937958,0.36011040210723877,661,853,DRILLING_RIG,HIGH
900003,DELAWARE MOUNTAIN 45-28,DIAMONDBACK ENERGY,31.439088,-103.558591,20251231,-0.003153209574520588,-0.3974960446357727,0.00028720099362544715,0.054496437311172485,0.0020068062003701925,0.24822118878364563,182,0,COMPLETION_RIG,HIGH
900004,FIRST BONE 23-39,DIAMONDBACK ENERGY,31.314839,-103.664525,20260213,-0.10754571855068207,-0.5680735111236572,0.07183901965618134,0.2482345849275589,0.09326303750276566,0.4039944112300873,695,844,DRILLING_RIG,HIGH
900005,BELL CANYON 24-37,DIAMONDBACK ENERGY,31.388327,-103.547295,,-0.001086660660803318,-0.5467545986175537,-0.0006412164657376707,0.05168857425451279,0.000395509967347607,0.34782034158706665,191,0,PAD_CONSTRUCTION,LOW
900006,BONE SPRING 07-25,DIAMONDBACK ENERGY,31.346302,-103.667233,,0.001553705194965005,-0.4201206564903259,0.00021472420485224575,0.048161908984184265,-0.0008463333360850811,0.2649681866168976,184,0,PAD_CONSTRUCTION,LOW
900007,GUADALUPE PASS 45-60,DIAMONDBACK ENERGY,31.359229,-103.646479,,-0.008582156151533127,-0.5374244451522827,0.0007550101145170629,0.058712437748909,0.005451297853142023,0.33652469515800476,196,0,PAD_CONSTRUCTION,LOW
900008,CHERRY CANYON 45-36,DIAMONDBACK ENERGY,31.373962,-103.636808,20260123,-0.14823633432388306,-0.47713249921798706,0.09995909035205841,0.25208956003189087,0.12892544269561768,0.3402049243450165,863,1196,COMPLETION_RIG,HIGH
900009,MENTONE 46-21,DIAMONDBACK ENERGY,31.342839,-103.646243,,-0.004153081681579351,-0.42864036560058594,2.4811699404381216e-05,0.04884639382362366,0.002501774113625288,0.26354244351387024,200,0,PAD_CONSTRUCTION,LOW
900010,BONE SPRING 48-36,DIAMONDBACK ENERGY,31.373416,-103.637619,20260113,-0.1297580450773239,-0.46018099784851074,0.08890704810619354,0.25208956003189087,0.11341764777898788,0.3360074460506439,776,1057,COMPLETION_RIG,HIGH
900011,STATE 08-10,DIAMONDBACK ENERGY,31.381524,-103.665454,20251206,0.001177151338197291,-0.364294171333313,0.00028983154334127903,0.050579264760017395,-0.0005903579294681549,0.23154078423976898,177,0,COMPLETION_RIG,HIGH
900012,UNIVERSITY LANDS 44-47,DIAMONDBACK ENERGY,31.340226,-103.591484,20260115,-0.10707198828458786,-0.5292171239852905,0.07234272360801697,0.24458761513233185,0.09318028390407562,0.3769203722476959,673,847,COMPLETION_RIG,HIGH
900013,THIRD BONE 47-17,DIAMONDBACK ENERGY,31.325305,-103.679481,20260126,-0.10839681327342987,-0.48342078924179077,0.07178564369678497,0.2453605979681015,0.09375234693288803,0.3589119613170624,670,846,DRILLING_RIG,HIGH
900014,UPPER WOLFCAMP 11-35,DIAMONDBACK ENERGY,31.397435,-103.655546,20251101,0.0026040179654955864,-0.4062119424343109,0.0002601360611151904,0.05592194199562073,-0.0014583560405299067,0.26080483198165894,166,0,COMPLETION_RIG,HIGH
900015,BONE SPRING 37-06,DIAMONDBACK ENERGY,31.429084,-103.641688,,0.00045150742516852915,-0.36618149280548096,-0.0001657855900702998,0.045045092701911926,-0.0003372187784407288,0.22741158306598663,180,0,PAD_CONSTRUCTION,LOW
900016,APACHE DRAW 36-11,DIAMONDBACK ENERGY,31.422534,-103.659457,,-0.0023245736956596375,-0.5683192610740662,-0.0006559970788657665,0.052810586988925934,0.0011323452927172184,0.349255234003067,182,0,PAD_CONSTRUCTION,LOW
900017,RATTLESNAKE 26-43,DIAMONDBACK ENERGY,31.416789,-103.647816,20260208,-0.10782727599143982,-0.4890979528427124,0.07210098952054977,0.24687936902046204,0.09353675693273544,0.3536122441291809,674,860,DRILLING_RIG,HIGH
900018,CEDAR LAKE 15-38,DIAMONDBACK ENERGY,31.310244,-103.676635,,-0.005918553099036217,-0.41427794098854065,2.2497353711514734e-05,0.04960507154464722,0.0035601304844021797,0.25294777750968933,186,0,PAD_CONSTRUCTION,LOW
900019,FIRST BONE 22-05,APACHE CORP,31.376631,-103.555133,20260120,-0.0011093700304627419,-0.46783602237701416,-1.882177275547292e-05,0.05058755725622177,0.0006580926710739732,0.2838509976863861,181,0,COMPLETION_RIG,HIGH
900020,LOWER WOLFCAMP 27-13,APACHE CORP,31.415627,-103.574461,20260214,-0.10260496288537979,-0.519797682762146,0.07156440615653992,0.2539973556995392,0.09018873423337936,0.3702316880226135,643,853,DRILLING_RIG,HIGH
900021,BRUSHY CANYON 42-42,APACHE CORP,31.414724,-103.583348,,-0.0011923472629860044,-0.4772208034992218,0.0008069385075941682,0.052690520882606506,0.001038183574564755,0.29850855469703674,201,0,PAD_CONSTRUCTION,LOW
900022,WOLFCAMP 35-29,APACHE CORP,31.477868,-103.660215,20260113,-0.10829935222864151,-0.5197347402572632,0.07227972894906998,0.24356257915496826,0.09389150887727737,0.36558017134666443,684,860,COMPLETION_RIG,HIGH
900023,FIRST BONE 36-07,APACHE CORP,31.487722,-103.629099,,0.00484169228002429,-0.3816325068473816,-0.00013852283882442862,0.06587482988834381,-0.002960424404591322,0.24140465259552002,171,0,PAD_CONSTRUCTION,LOW
900024,APACHE DRAW 14-56,APACHE CORP,31.377821,-103.634974,20260118,-0.13254770636558533,-0.4831357002258301,0.08858820050954819,0.25208956003189087,0.11496391147375107,0.3402049243450165,789,1058,COMPLETION_RIG,HIGH
900025,RATTLESNAKE 28-45,APACHE CORP,31.488243,-103.574379,20260107,-0.106269970536232,-0.5307902097702026,0.07226547598838806,0.24140988290309906,0.09266816824674606,0.3879411816596985,676,853,COMPLETION_RIG,HIGH
900026,TOYAH CREEK 04-04,APACHE CORP,31.457718,-103.690247,,0.003429056378081441,-0.37827619910240173,0.000240935361944139,0.05016094446182251,-0.0019610596355050802,0.23783959448337555,176,0,PAD_CONSTRUCTION,LOW
900027,PECOS VALLEY 44-56,APACHE CORP,31.476215,-103.689037,,-0.00024226546520367265,-0.38623324036598206,-0.000826037663500756,0.05379294604063034,-0.00018505573098082095,0.237360417842865,183,0,PAD_CONSTRUCTION,LOW
900028,BELL CANYON 06-27,APACHE CORP,31.379394,-103.604877,,-0.001002879929728806,-0.41932493448257446,0.0003370785852894187,0.05023890733718872,0.0007365596247836947,0.25544849038124084,198,0,PAD_CONSTRUCTION,LOW
900029,BRUSHY CANYON 42-20,APACHE CORP,31.37819,-103.636674,20251121,-0.13818256556987762,-0.4831357002258301,0.09172599762678146,0.25208956003189087,0.11959995329380035,0.3402049243450165,807,1099,COMPLETION_RIG,HIGH
900030,MUSTANG SPRINGS 23-57,APACHE CORP,31.426022,-103.619058,20260120,-0.10767664015293121,-0.4909090995788574,0.072452612221241,0.2567780911922455,0.09358703345060349,0.3435623049736023,672,858,COMPLETION_RIG,HIGH
900031,LOWER WOLFCAMP 42-34,CONOCOPHILLIPS,31.306915,-103.581597,20251104,-0.002655777847394347,-0.4421943426132202,0.00011498169624246657,0.05862928926944733,0.0016394593985751271,0.27131757140159607,197,0,COMPLETION_RIG,HIGH
900032,CEDAR LAKE 10-18,CONOCOPHILLIPS,31.238469,-103.612874,20260104,0.0029049080330878496,-0.4391895830631256,2.9426841138047166e-05,0.05226120352745056,-0.0017311745323240757,0.26979348063468933,180,0,COMPLETION_RIG,HIGH
900033,FIRST BONE 04-06,CONOCOPHILLIPS,31.298165,-103.485146,20251111,0.0027940243016928434,-0.4020173251628876,-0.0007946802652440965,0.059574194252491,-0.0019942864309996367,0.242937371134758,177,0,COMPLETION_RIG,HIGH
900034,SIDEWINDER 36-46,CONOCOPHILLIPS,31.376768,-103.604147,20251104,-4.575885759550147e-05,-0.41932493448257446,0.00016851209511514753,0.04685233533382416,9.4860493845772e-05,0.25544849038124084,192,0,COMPLETION_RIG,HIGH
900035,CEDAR LAKE 10-28,CONOCOPHILLIPS,31.225765,-103.570925,20260107,-0.10241159796714783,-0.5211285352706909,0.07169181853532791,0.2326379120349884,0.09012368321418762,0.37269729375839233,653,854,COMPLETION_RIG,HIGH
900036,RED HILLS 23-50,CONOCOPHILLIPS,31.253612,-103.590075,,-0.0020262449979782104,-0.4557713568210602,-0.00010084204404847696,0.05222112685441971,0.0011754099978134036,0.27957120537757874,185,0,PAD_CONSTRUCTION,LOW
900037,UNIVERSITY LANDS 12-48,CONOCOPHILLIPS,31.349723,-103.488973,20260128,-0.10456527769565582,-0.5010488033294678,0.07175381481647491,0.24611321091651917,0.09144069999456406,0.3594014048576355,667,845,DRILLING_RIG,HIGH
900038,APACHE DRAW 15-13,CONOCOPHILLIPS,31.281207,-103.623804,,0.000531488680280745,-0.39892467856407166,-0.00016059660993050784,0.05106598138809204,-0.0003831318754237145,0.2564084529876709,185,0,PAD_CONSTRUCTION,LOW
900039,WOLFCAMP 26-22,CONOCOPHILLIPS,31.256415,-103.626214,20260122,-0.10339994728565216,-0.5166569352149963,0.07233448326587677,0.24354863166809082,0.09097375720739365,0.35965457558631897,656,863,COMPLETION_RIG,HIGH
900040,TOYAH CREEK 02-08,CONOCOPHILLIPS,31.328723,-103.495014,,0.0019863247871398926,-0.4312058091163635,-0.00042003209819085896,0.06348113715648651,-0.0013598077930510044,0.27387163043022156,176,0,PAD_CONSTRUCTION,LOW
900041,PHANTOM RANCH 47-51,OXY USA,31.126121,-103.484549,,-0.06303650885820389,-0.4590491056442261,0.0394170805811882,0.2447858452796936,0.053588736802339554,0.32695096731185913,467,469,PAD_CONSTRUCTION,LOW
900042,GUADALUPE PASS 03-46,OXY USA,31.181631,-103.487746,,-0.004662783816456795,-0.45076048374176025,7.504198583774269e-05,0.05250842869281769,0.0028276871889829636,0.27805382013320923,205,0,PAD_CONSTRUCTION,LOW
900043,THIRD BONE 43-13,OXY USA,31.229897,-103.429558,,4.228137549944222e-05,-0.4148620367050171,-0.0005089956684969366,0.056659162044525146,-0.0002289672556798905,0.2682536244392395,162,0,PAD_CONSTRUCTION,LOW
900044,RED HILLS 47-58,OXY USA,31.219705,-103.473858,20260213,-0.1211550161242485,-0.603958010673523,0.08066494017839432,0.24724827706813812,0.10495898872613907,0.4280911087989807,754,965,DRILLING_RIG,HIGH
900045,SOUTH PECOS 43-25,OXY USA,31.167305,-103.559634,20260201,-0.10428931564092636,-0.5007445812225342,0.07222390919923782,0.2488289177417755,0.09146315604448318,0.35716432332992554,663,847,DRILLING_RIG,HIGH
900046,MENTONE 39-42,OXY USA,31.165906,-103.511218,20260207,-0.11000139266252518,-0.5368092656135559,0.07272102683782578,0.24392962455749512,0.09508924186229706,0.38850557804107666,670,853,DRILLING_RIG,HIGH
900047,LOWER WOLFCAMP 48-11,OXY USA,31.19571,-103.435811,,-0.0033762759994715452,-0.47340789437294006,0.0003773039497900754,0.05451846122741699,0.0021766871213912964,0.301286518573761,184,0,PAD_CONSTRUCTION,LOW
900048,UPPER WOLFCAMP 16-44,OXY USA,31.17363,-103.449052,20260123,-0.0033393632620573044,-0.4977026879787445,9.8435215477366e-05,0.057380981743335724,0.002042992040514946,0.31116431951522827,184,0,COMPLETION_RIG,HIGH
900049,SIDEWINDER 27-57,OXY USA,31.217804,-103.457042,20260110,-0.10586324334144592,-0.4618530869483948,0.07218940556049347,0.24299730360507965,0.09239370375871658,0.35909220576286316,685,856,COMPLETION_RIG,HIGH
900050,FIRST BONE 07-50,OXY USA,31.23002,-103.437174,,0.008738631382584572,-0.41982126235961914,-0.00037947099190205336,0.05060489475727081,-0.005394966807216406,0.25790154933929443,145,0,PAD_CONSTRUCTION,LOW
900051,BONE SPRING 08-30,EOG RESOURCES,31.102873,-103.751965,20260218,-0.11079361289739609,-0.5241522789001465,0.07246816903352737,0.24418599903583527,0.09546342492103577,0.33203721046447754,680,854,DRILLING_RIG,HIGH
900052,SIDEWINDER 40-53,EOG RESOURCES,31.070768,-103.63916,,-0.000910935748834163,-0.3669450879096985,0.0007623747223988175,0.05199991166591644,0.0008515111985616386,0.2281997799873352,172,0,PAD_CONSTRUCTION,LOW
900053,SECOND BONE 41-18,EOG RESOURCES,31.092011,-103.639716,20260223,-0.10620812326669693,-0.5253943800926208,0.07112047076225281,0.2389887571334839,0.09217306226491928,0.38431501388549805,679,843,DRILLING_RIG,HIGH
900054,CEDAR LAKE 06-09,EOG RESOURCES,31.057519,-103.706264,,-6.308741831162479e-06,-0.39700210094451904,5.903810233576223e-05,0.05480899661779404,2.7400590624893084e-05,0.24353505671024323,176,0,PAD_CONSTRUCTION,LOW
900055,TOYAH CREEK 35-30,EOG RESOURCES,31.054232,-103.693621,,-0.0005895960493944585,-0.4076383709907532,-0.0003342036798130721,0.05059592425823212,0.00022007622465025634,0.259125679731369,170,0,PAD_CONSTRUCTION,LOW
900056,AVALON SHALE 02-55,EOG RESOURCES,31.164774,-103.666547,,0.000515857944265008,-0.4309224486351013,-0.00039642571937292814,0.057095885276794434,-0.0004680854035541415,0.25918614864349365,179,0,PAD_CONSTRUCTION,LOW
900057,SECOND BONE 27-35,EOG RESOURCES,31.140556,-103.623448,20260121,-0.1148596704006195,-0.4890905022621155,0.07247216999530792,0.24205394089221954,0.09790467470884323,0.3589372932910919,721,845,COMPLETION_RIG,HIGH
900058,LOWER WOLFCAMP 26-47,EOG RESOURCES,31.082217,-103.65298,,-0.0013843843480572104,-0.4962529242038727,-0.00024034158559516072,0.056709595024585724,0.0007344938931055367,0.3103422522544861,192,0,PAD_CONSTRUCTION,LOW
900059,MENTONE 43-02,DEVON ENERGY,31.274315,-103.596957,,-0.001075898064300418,-0.47379326820373535,0.00021559727611020207,0.051271840929985046,0.000731778156477958,0.2905050218105316,201,0,PAD_CONSTRUCTION,LOW
900060,WOLFCAMP 30-21,DEVON ENERGY,31.278046,-103.599343,,0.001946974080055952,-0.5130431652069092,0.0007289503701031208,0.051271840929985046,-0.0008766043465584517,0.3139510452747345,192,0,PAD_CONSTRUCTION,LOW
900061,APACHE DRAW 02-48,DEVON ENERGY,31.33745,-103.526414,,-0.0021438340190798044,-0.47020936012268066,0.0008931161719374359,0.05838447064161301,0.0016435468569397926,0.28174787759780884,174,0,PAD_CONSTRUCTION,LOW
900062,UNIVERSITY LANDS 16-13,DEVON ENERGY,31.423166,-103.653559,20260103,-0.01876428909599781,-0.4263131022453308,0.011542784981429577,0.16606754064559937,0.015875685960054398,0.31723567843437195,272,148,COMPLETION_RIG,HIGH
900063,GUADALUPE PASS 24-11,DEVON ENERGY,31.421641,-103.585595,20251229,-0.0007448802934959531,-0.4772208034992218,0.0003142978239338845,0.0589277446269989,0.0005726470844820142,0.29850855469703674,199,0,COMPLETION_RIG,HIGH
900064,BALMORHEA 46-13,DEVON ENERGY,31.378376,-103.506692,,0.000981299439445138,-0.5157586932182312,-2.0330920960986987e-05,0.05356958508491516,-0.0005969118792563677,0.31973761320114136,157,0,PAD_CONSTRUCTION,LOW
900065,RED HILLS 37-51,DEVON ENERGY,31.406047,-103.563934,20260212,-0.10747098922729492,-0.4684247374534607,0.07225662469863892,0.24384893476963043,0.093385249376297,0.3363353908061981,691,851,DRILLING_RIG,HIGH
900066,FIRST BONE 27-53,CENTENNIAL RESOURCE,31.250954,-103.505403,,0.0015072869136929512,-0.4349137544631958,-0.00014341458154376596,0.05225968360900879,-0.0009617378818802536,0.2773362696170807,186,0,PAD_CONSTRUCTION,LOW
900067,MUSTANG SPRINGS 28-12,CENTENNIAL RESOURCE,31.312652,-103.486442,20260224,-0.10900712758302689,-0.46581366658210754,0.07346874475479126,0.24620479345321655,0.09479178488254547,0.33527374267578125,692,860,DRILLING_RIG,HIGH
900068,SECOND BONE 06-18,CENTENNIAL RESOURCE,31.212943,-103.423726,20260222,-0.10829412192106247,-0.4760451912879944,0.07244710624217987,0.25124573707580566,0.09395532310009003,0.34626439213752747,684,860,DRILLING_RIG,HIGH
900069,TOYAH CREEK 12-32,CENTENNIAL RESOURCE,31.223823,-103.480911,20260125,-0.11806364357471466,-0.49277734756469727,0.08002990484237671,0.2529049813747406,0.10285015404224396,0.3492174744606018,728,956,DRILLING_RIG,HIGH
900070,SAND HILLS 13-06,CENTENNIAL RESOURCE,31.310817,-103.471073,20260208,-0.11096266657114029,-0.5111595988273621,0.07275330275297165,0.2467617243528366,0.0956789180636406,0.3705184757709503,679,860,DRILLING_RIG,HIGH
900071,SIDEWINDER 02-06,CENTENNIAL RESOURCE,31.246175,-103.446105,,-0.0029039266519248486,-0.3868509531021118,0.0003727268485818058,0.0547843873500824,0.0018914473475888371,0.24302096664905548,197,0,PAD_CONSTRUCTION,LOW
900072,CEDAR LAKE 34-23,PIONEER NATURAL RES,31.426234,-103.590957,,0.003011962864547968,-0.4870377480983734,0.0004501405346672982,0.0589277446269989,-0.0016271212371066213,0.3040596842765808,171,0,PAD_CONSTRUCTION,LOW
900073,THIRD BONE 13-21,PIONEER NATURAL RES,31.36906,-103.613114,20260109,0.006578223314136267,-0.40274137258529663,8.64519170136191e-05,0.060046806931495667,-0.0039123534224927425,0.2656635642051697,171,0,COMPLETION_RIG,HIGH
900074,BELL CANYON 19-07,PIONEER NATURAL RES,31.414334,-103.528367,20260115,-0.1049848347902298,-0.45059436559677124,0.07184102386236191,0.24537108838558197,0.09172731637954712,0.3260122835636139,661,861,COMPLETION_RIG,HIGH
900075,STATE 04-36,PIONEER NATURAL RES,31.433283,-103.629747,,-0.002271051751449704,-0.3948395848274231,-0.00011042505502700806,0.04701901972293854,0.0013184606796130538,0.2557113766670227,193,0,PAD_CONSTRUCTION,LOW
900076,RATTLESNAKE 31-31,PIONEER NATURAL RES,31.336414,-103.648038,,-0.0011016919743269682,-0.42148175835609436,0.00032029717112891376,0.06424250453710556,0.0007891341811046004,0.2634129822254181,188,0,PAD_CONSTRUCTION,LOW
900077,SECOND BONE 05-26,RING ENERGY,31.25057,-103.533563,,-0.002184430370107293,-0.3843395709991455,0.00016669518663547933,0.05235189199447632,0.0013773362152278423,0.22232525050640106,195,0,PAD_CONSTRUCTION,LOW
900078,RATTLESNAKE 06-16,RING ENERGY,31.124276,-103.480217,20260220,-0.10988916456699371,-0.4590491056442261,0.07221797108650208,0.2447858452796936,0.09482069313526154,0.32695096731185913,678,856,DRILLING_RIG,HIGH
900079,SIDEWINDER 20-56,RING ENERGY,31.224111,-103.54914,,0.0003315018257126212,-0.4565618634223938,-3.937784640584141e-05,0.056292176246643066,-0.00021465196914505213,0.27383318543434143,187,0,PAD_CONSTRUCTION,LOW
900080,UPPER WOLFCAMP 14-41,RING ENERGY,31.253617,-103.594123,20251215,-0.0018255922477692366,-0.4557713568210602,-2.4709814169909805e-05,0.05120790749788284,0.0010854715947061777,0.277964323759079,176,0,COMPLETION_RIG,HIGH
900081,SIDEWINDER 45-39,CHEVRON USA,30.98201,-103.799572,20260102,-0.0008265499491244555,-0.4283660650253296,0.00030085217440500855,0.0563923642039299,0.0006162708741612732,0.2716054916381836,176,0,COMPLETION_RIG,HIGH
900082,BONE SPRING 17-51,CHEVRON USA,31.107537,-103.788611,20260221,-0.10837671160697937,-0.5310568809509277,0.0722382515668869,0.2486506700515747,0.09392133355140686,0.3782792389392853,671,843,DRILLING_RIG,HIGH
900083,PECOS VALLEY 04-11,CHEVRON USA,31.115346,-103.667739,20260102,0.0009119627065956593,-0.41746875643730164,-0.00046457507414743304,0.051079072058200836,-0.0007330075022764504,0.2647903561592102,195,0,COMPLETION_RIG,HIGH
900084,CEDAR LAKE 32-29,CHEVRON USA,31.034401,-103.756441,,-0.0017990630585700274,-0.4042302966117859,0.00035569645115174353,0.048528991639614105,0.001221716869622469,0.24992871284484863,176,0,PAD_CONSTRUCTION,LOW
900085,BRUSHY CANYON 37-38,MARATHON OIL,31.240059,-103.715388,20251112,0.00163567578420043,-0.39729470014572144,0.0006944767665117979,0.053727030754089355,-0.0007036150782369077,0.24766218662261963,192,0,COMPLETION_RIG,HIGH
900086,GUADALUPE PASS 12-38,MARATHON OIL,31.283034,-103.659243,20260214,-0.105885811150074,-0.46651703119277954,0.07252565771341324,0.24982595443725586,0.09254175424575806,0.34075960516929626,662,859,DRILLING_RIG,HIGH
900087,DELAWARE MOUNTAIN 22-27,MARATHON OIL,31.251369,-103.713264,,0.0010265929158776999,-0.5023595094680786,7.417015876853839e-05,0.05644817650318146,-0.0005862878751941025,0.3086908459663391,167,0,PAD_CONSTRUCTION,LOW
900088,PECOS VALLEY 21-17,CIMAREX ENERGY,31.36168,-103.774128,,-0.0009716975619085133,-0.41694176197052,0.00011943047866225243,0.05383917689323425,0.0006307908915914595,0.24967046082019806,179,0,PAD_CONSTRUCTION,LOW
900089,CEDAR LAKE 30-27,CIMAREX ENERGY,31.398099,-103.674774,20260121,-0.10529351979494095,-0.6485546827316284,0.07175250351428986,0.24983511865139008,0.09187711775302887,0.442284494638443,665,850,COMPLETION_RIG,HIGH
900090,GUADALUPE PASS 36-09,CIMAREX ENERGY,31.310727,-103.771742,20260104,-0.0009980861796066165,-0.442471444606781,2.0264442355255596e-05,0.05431663990020752,0.0006069580558687449,0.26836973428726196,172,0,COMPLETION_RIG,HIGH
900091,CEDAR LAKE 01-36,MEWBOURNE OIL,31.408288,-103.604659,,0.0027482276782393456,-0.37663742899894714,4.868073301622644e-05,0.0572253093123436,-0.0016294647939503193,0.2399376928806305,184,0,PAD_CONSTRUCTION,LOW
900092,SECOND BONE 10-32,MEWBOURNE OIL,31.443832,-103.611205,,0.002008525189012289,-0.4870007038116455,-0.00033260579220950603,0.042989686131477356,-0.0013381576864048839,0.28940245509147644,159,0,PAD_CONSTRUCTION,LOW
900093,BALMORHEA 13-59,FASKEN OIL,31.438997,-103.571798,,0.002564313355833292,-0.40335407853126526,-0.000271851837169379,0.050771139562129974,-0.0016473287250846624,0.256475031375885,167,0,PAD_CONSTRUCTION,LOW
900094,SAND HILLS 18-53,FASKEN OIL,31.466391,-103.51052,,0.003083566203713417,-0.3946723937988281,-0.0002337154874112457,0.05291704833507538,-0.0019436260918155313,0.2434302568435669,165,0,PAD_CONSTRUCTION,LOW
900095,MUSTANG SPRINGS 29-35,COLGATE ENERGY,31.229824,-103.601658,20260218,-0.10595419257879257,-0.5110869407653809,0.07135175913572311,0.251010537147522,0.09211321920156479,0.3672316372394562,674,849,DRILLING_RIG,HIGH
900096,WOLFCAMP 45-16,COLGATE ENERGY,31.142855,-103.628516,20251113,-0.05112947151064873,-0.47043144702911377,0.031170519068837166,0.2313789576292038,0.04314589127898216,0.3409019112586975,415,369,COMPLETION_RIG,HIGH
